,nts_raw,ots,dds,hpp,aac,dsr_hp,hpw_ss,edpr_ss,cts_ss,cm
nts_raw,1.0,0.412,0.983,0.831,0.98,0.742,0.433,0.297,0.419,
ots,0.412,1.0,0.31,0.281,0.302,0.22,0.48,0.825,0.669,
dds,0.983,0.31,1.0,0.848,0.983,0.769,0.397,0.185,0.36,
hpp,0.831,0.281,0.848,1.0,0.804,0.896,0.315,0.154,0.287,
aac,0.98,0.302,0.983,0.804,1.0,0.72,0.398,0.18,0.373,
dsr_hp,0.742,0.22,0.769,0.896,0.72,1.0,0.291,0.124,0.254,
hpw_ss,0.433,0.48,0.397,0.315,0.398,0.291,1.0,0.108,0.194,
edpr_ss,0.297,0.825,0.185,0.154,0.18,0.124,0.108,1.0,0.531,
cts_ss,0.419,0.669,0.36,0.287,0.373,0.254,0.194,0.531,1.0,
cm,,,,,,,,,,
